ID,CAR_NAME,FILE_NAME
1,audi A1,1.json
2,audi A6,2.json
3,audi A4,3.json
4,audi A3,4.json
5,audi Q3,5.json
6,audi Q5,6.json
7,audi A5,7.json
8,audi S4,8.json
9,audi Q2,9.json
10,audi A7,10.json
11,audi TT,11.json
12,audi Q7,12.json
13,audi RS6,13.json
14,audi RS3,14.json
15,audi A8,15.json
16,audi Q8,16.json
17,audi RS4,17.json
18,audi RS5,18.json
19,audi R8,19.json
20,audi SQ5,20.json
21,audi S8,21.json
22,audi SQ7,22.json
23,audi S3,23.json
24,audi S5,24.json
25,audi A2,25.json
26,audi RS7,26.json
27,bmw 5 Series,27.json
28,bmw 6 Series,28.json
29,bmw 1 Series,29.json
30,bmw 7 Series,30.json
31,bmw 2 Series,31.json
32,bmw 4 Series,32.json
33,bmw X3,33.json
34,bmw 3 Series,34.json
35,bmw X5,35.json
36,bmw X4,36.json
37,bmw i3,37.json
38,bmw X1,38.json
39,bmw M4,39.json
40,bmw X2,40.json
41,bmw X6,41.json
42,bmw 8 Series,42.json
43,bmw Z4,43.json
44,bmw X7,44.json
45,bmw M5,45.json
46,bmw i8,46.json
47,bmw M2,47.json
48,bmw M3,48.json
49,bmw M6,49.json
50,bmw Z3,50.json
51,hyundai I20,51.json
52,hyundai Tucson,52.json
53,hyundai I10,53.json
54,hyundai IX35,54.json
55,hyundai I30,55.json
56,hyundai I40,56.json
57,hyundai Ioniq,57.json
58,hyundai Kona,58.json
59,hyundai Veloster,59.json
60,hyundai I800,60.json
61,hyundai IX20,61.json
62,hyundai Santa Fe,62.json
63,hyundai Accent,63.json
64,hyundai Terracan,64.json
65,hyundai Getz,65.json
66,hyundai Amica,66.json
67,mercedes SLK,67.json
68,mercedes S Class,68.json
69,mercedes SL CLASS,69.json
70,mercedes G Class,70.json
71,mercedes GLE Class,71.json
72,mercedes GLA Class,72.json
73,mercedes A Class,73.json
74,mercedes B Class,74.json
75,mercedes GLC Class,75.json
76,mercedes C Class,76.json
77,mercedes E Class,77.json
78,mercedes GL Class,78.json
79,mercedes CLS Class,79.json
80,mercedes CLC Class,80.json
81,mercedes CLA Class,81.json
82,mercedes V Class,82.json
83,mercedes M Class,83.json
84,mercedes CL Class,84.json
85,mercedes GLS Class,85.json
86,mercedes GLB Class,86.json
87,mercedes X-CLASS,87.json
88,mercedes180,88.json
89,mercedes CLK,89.json
90,mercedes R Class,90.json
91,mercedes230,91.json
92,mercedes220,92.json
93,mercedes200,93.json
94,ford Fiesta,94.json
95,ford Focus,95.json
96,ford Puma,96.json
97,ford Kuga,97.json
98,ford EcoSport,98.json
99,ford C-MAX,99.json
100,ford Mondeo,100.json
101,ford Ka+,101.json
102,ford Tourneo Custom,102.json
103,ford S-MAX,103.json
104,ford B-MAX,104.json
105,ford Edge,105.json
106,ford Tourneo Connect,106.json
107,ford Grand C-MAX,107.json
108,ford KA,108.json
109,ford Galaxy,109.json
110,ford Mustang,110.json
111,ford Grand Tourneo Connect,111.json
112,ford Fusion,112.json
113,ford Ranger,113.json
114,ford Streetka,114.json
115,ford Escort,115.json
116,ford Transit Tourneo,116.json
117,toyota GT86,117.json
118,toyota Corolla,118.json
119,toyota RAV4,119.json
120,toyota Yaris,120.json
121,toyota Auris,121.json
122,toyota Aygo,122.json
123,toyota C-HR,123.json
124,toyota Prius,124.json
125,toyota Avensis,125.json
126,toyota Verso,126.json
127,toyota Hilux,127.json
128,toyota PROACE VERSO,128.json
129,toyota Land Cruiser,129.json
130,toyota Supra,130.json
131,toyota Camry,131.json
132,toyota Verso-S,132.json
133,toyota IQ,133.json
134,toyota Urban Cruiser,134.json
